[
  {
    "zip_code": "10001",
    "cbsa_code": "35620",
    "cbsa_title": "New York-Newark-Jersey City, NY-NJ-PA",
    "state": "NY",
    "county": "New York",
    "metropolitan_division": null,
    "is_metropolitan": true,
    "population": 19216182,
    "effective_date": "2024-01-01",
    "expiration_date": null,
    "notes": "Manhattan - New York County"
  },
  {
    "zip_code": "90001",
    "cbsa_code": "31080",
    "cbsa_title": "Los Angeles-Long Beach-Anaheim, CA",
    "state": "CA",
    "county": "Los Angeles",
    "metropolitan_division": "31084",
    "is_metropolitan": true,
    "population": 13200998,
    "effective_date": "2024-01-01",
    "expiration_date": null,
    "notes": "Los Angeles County"
  },
  {
    "zip_code": "60601",
    "cbsa_code": "16980",
    "cbsa_title": "Chicago-Naperville-Elgin, IL-IN-WI",
    "state": "IL",
    "county": "Cook",
    "metropolitan_division": "16974",
    "is_metropolitan": true,
    "population": 9618502,
    "effective_date": "2024-01-01",
    "expiration_date": null,
    "notes": "Chicago Loop - Cook County"
  },
  {
    "zip_code": "75201",
    "cbsa_code": "19100",
    "cbsa_title": "Dallas-Fort Worth-Arlington, TX",
    "state": "TX",
    "county": "Dallas",
    "metropolitan_division": "19124",
    "is_metropolitan": true,
    "population": 7637387,
    "effective_date": "2024-01-01",
    "expiration_date": null,
    "notes": "Downtown Dallas - Dallas County"
  },
  {
    "zip_code": "77001",
    "cbsa_code": "26420",
    "cbsa_title": "Houston-The Woodlands-Sugar Land, TX",
    "state": "TX",
    "county": "Harris",
    "metropolitan_division": null,
    "is_metropolitan": true,
    "population": 7122240,
    "effective_date": "2024-01-01",
    "expiration_date": null,
    "notes": "Downtown Houston - Harris County"
  },
  {
    "zip_code": "20001",
    "cbsa_code": "47900",
    "cbsa_title": "Washington-Arlington-Alexandria, DC-VA-MD-WV",
    "state": "DC",
    "county": "District of Columbia",
    "metropolitan_division": "47894",
    "is_metropolitan": true,
    "population": 6385162,
    "effective_date": "2024-01-01",
    "expiration_date": null,
    "notes": "Washington DC"
  },
  {
    "zip_code": "33101",
    "cbsa_code": "33100",
    "cbsa_title": "Miami-Fort Lauderdale-West Palm Beach, FL",
    "state": "FL",
    "county": "Miami-Dade",
    "metropolitan_division": "33124",
    "is_metropolitan": true,
    "population": 6138333,
    "effective_date": "2024-01-01",
    "expiration_date": null,
    "notes": "Downtown Miami - Miami-Dade County"
  },
  {
    "zip_code": "19101",
    "cbsa_code": "37980",
    "cbsa_title": "Philadelphia-Camden-Wilmington, PA-NJ-DE-MD",
    "state": "PA",
    "county": "Philadelphia",
    "metropolitan_division": "37964",
    "is_metropolitan": true,
    "population": 6102434,
    "effective_date": "2024-01-01",
    "expiration_date": null,
    "notes": "Center City Philadelphia"
  },
  {
    "zip_code": "30301",
    "cbsa_code": "12060",
    "cbsa_title": "Atlanta-Sandy Springs-Roswell, GA",
    "state": "GA",
    "county": "Fulton",
    "metropolitan_division": null,
    "is_metropolitan": true,
    "population": 6020364,
    "effective_date": "2024-01-01",
    "expiration_date": null,
    "notes": "Downtown Atlanta - Fulton County"
  },
  {
    "zip_code": "85001",
    "cbsa_code": "38060",
    "cbsa_title": "Phoenix-Mesa-Scottsdale, AZ",
    "state": "AZ",
    "county": "Maricopa",
    "metropolitan_division": null,
    "is_metropolitan": true,
    "population": 4845832,
    "effective_date": "2024-01-01",
    "expiration_date": null,
    "notes": "Downtown Phoenix - Maricopa County"
  },
  {
    "zip_code": "02101",
    "cbsa_code": "14460",
    "cbsa_title": "Boston-Cambridge-Newton, MA-NH",
    "state": "MA",
    "county": "Suffolk",
    "metropolitan_division": "14454",
    "is_metropolitan": true,
    "population": 4873019,
    "effective_date": "2024-01-01",
    "expiration_date": null,
    "notes": "Downtown Boston - Suffolk County"
  },
  {
    "zip_code": "94102",
    "cbsa_code": "41860",
    "cbsa_title": "San Francisco-Oakland-Hayward, CA",
    "state": "CA",
    "county": "San Francisco",
    "metropolitan_division": "41884",
    "is_metropolitan": true,
    "population": 4749008,
    "effective_date": "2024-01-01",
    "expiration_date": null,
    "notes": "San Francisco - San Francisco County"
  },
  {
    "zip_code": "92101",
    "cbsa_code": "41740",
    "cbsa_title": "San Diego-Carlsbad, CA",
    "state": "CA",
    "county": "San Diego",
    "metropolitan_division": null,
    "is_metropolitan": true,
    "population": 3298634,
    "effective_date": "2024-01-01",
    "expiration_date": null,
    "notes": "Downtown San Diego"
  },
  {
    "zip_code": "55401",
    "cbsa_code": "33460",
    "cbsa_title": "Minneapolis-St. Paul-Bloomington, MN-WI",
    "state": "MN",
    "county": "Hennepin",
    "metropolitan_division": null,
    "is_metropolitan": true,
    "population": 3654908,
    "effective_date": "2024-01-01",
    "expiration_date": null,
    "notes": "Downtown Minneapolis - Hennepin County"
  },
  {
    "zip_code": "33607",
    "cbsa_code": "45300",
    "cbsa_title": "Tampa-St. Petersburg-Clearwater, FL",
    "state": "FL",
    "county": "Hillsborough",
    "metropolitan_division": null,
    "is_metropolitan": true,
    "population": 3175275,
    "effective_date": "2024-01-01",
    "expiration_date": null,
    "notes": "Tampa - Hillsborough County"
  },
  {
    "zip_code": "80201",
    "cbsa_code": "19740",
    "cbsa_title": "Denver-Aurora-Lakewood, CO",
    "state": "CO",
    "county": "Denver",
    "metropolitan_division": null,
    "is_metropolitan": true,
    "population": 2963821,
    "effective_date": "2024-01-01",
    "expiration_date": null,
    "notes": "Downtown Denver - Denver County"
  },
  {
    "zip_code": "11201",
    "cbsa_code": "35620",
    "cbsa_title": "New York-Newark-Jersey City, NY-NJ-PA",
    "state": "NY",
    "county": "Kings",
    "metropolitan_division": "35614",
    "is_metropolitan": true,
    "population": 19216182,
    "effective_date": "2024-01-01",
    "expiration_date": null,
    "notes": "Brooklyn - Kings County"
  },
  {
    "zip_code": "63101",
    "cbsa_code": "41180",
    "cbsa_title": "St. Louis, MO-IL",
    "state": "MO",
    "county": "St. Louis City",
    "metropolitan_division": null,
    "is_metropolitan": true,
    "population": 2820253,
    "effective_date": "2024-01-01",
    "expiration_date": null,
    "notes": "Downtown St. Louis"
  },
  {
    "zip_code": "21201",
    "cbsa_code": "12580",
    "cbsa_title": "Baltimore-Columbia-Towson, MD",
    "state": "MD",
    "county": "Baltimore City",
    "metropolitan_division": null,
    "is_metropolitan": true,
    "population": 2844510,
    "effective_date": "2024-01-01",
    "expiration_date": null,
    "notes": "Downtown Baltimore"
  },
  {
    "zip_code": "28201",
    "cbsa_code": "16740",
    "cbsa_title": "Charlotte-Concord-Gastonia, NC-SC",
    "state": "NC",
    "county": "Mecklenburg",
    "metropolitan_division": null,
    "is_metropolitan": true,
    "population": 2660329,
    "effective_date": "2024-01-01",
    "expiration_date": null,
    "notes": "Downtown Charlotte - Mecklenburg County"
  }
]
